{
  "telegram": {
    "format": "https://t.me/",
    "targeted": {
      "title": "Send your channel link",
      "key": "members",
      "usa": {
        "id": 6114,
        "price": 1,
        "quantity": {
          "min": 100,
          "max": 50000
        }
      },
      "russia": {
        "id": 7295,
        "price": 1.5,
        "quantity": {
          "min": 500,
          "max": 30000
        }
      },
      "china": {
        "id": 7281,
        "price": 1,
        "quantity": {
          "min": 500,
          "max": 50000
        }
      },
      "arab": {
        "id": 6090,
        "price": 1,
        "quantity": {
          "min": 10,
          "max": 80000
        }
      },
      "iran": {
        "id": 7147,
        "price": 1,
        "quantity": {
          "min": 500,
          "max": 200000
        }
      },
      "india": {
        "id": 5829,
        "price": 1,
        "quantity": {
          "min": 50,
          "max": 25000
        }
      }
    },
    "lowdrop": {
      "title": "Send your channel link",
      "key": "members",
      "id": 7355,
      "price": 0.5,
      "quantity": {
        "min": 500,
        "max": 200000
      }
    },
    "views": {
      "title": "Send your post link",
      "key": "views",
      "id": 7414,
      "price": 0.01,
      "quantity": {
        "min": 10,
        "max": 250000
      }
    },
    "reactions": {
      "title": "Send your post link",
      "key": "reaction",
      "id": 4711,
      "price": 0.01,
      "quantity": {
        "min": 10,
        "max": 1000000
      }
    },
    "autoviews": {
      "title": "Send your post link",
      "key": "views",
      "id": 296,
      "price": 0.25,
      "quantity": {
        "min": 10,
        "max": 2000000
      }
    }
  },
  "youtube": {
    "format": "https://www.youtube.com/",
    "targeted": {
      "title": "Send your channel link",
      "key": "subscribers",
      "usa": {
        "id": 7120,
        "price": 10,
        "quantity": {
          "min": 50,
          "max": 20000
        }
      }
    },
    "likes": {
      "title": "Send your video link",
      "key": "likes",
      "id": 5235,
      "price": 0.5,
      "quantity": {
        "min": 500,
        "max": 30000
      }
    },
    "subscribers": {
      "title": "Send your channel link",
      "key": "subscribers",
      "id": 6509,
      "price": 5,
      "quantity": {
        "min": 50,
        "max": 7500
      }
    },
    "views": {
      "title": "Send your video link",
      "key": "views",
      "id": 7430,
      "price": 0.5,
      "quantity": {
        "min": 10,
        "max": 10000
      }
    },
    "comments": {
      "title": "Send your video link",
      "key": "comments",
      "id": 7127,
      "price": 1.5,
      "quantity": {
        "min": 10,
        "max": 100000
      }
    },
    "shares": {
      "title": "Send your video link",
      "key": "shares",
      "id": 2954,
      "price": 2,
      "quantity": {
        "min": 100,
        "max": 100000
      }
    }
  },
  "facebook": {
    "format": "https://www.facebook.com/",
    "pagefollowers": {
      "title": "Send your page link",
      "key": "followers",
      "id": 1012,
      "price": 0.5,
      "quantity": {
        "min": 100,
        "max": 100000000
      }
    },
    "profileFollowers": {
      "title": "Send your profile link",
      "key": "followers",
      "id": 5704,
      "price": 0.25,
      "quantity": {
        "min": 100,
        "max": 1000000
      }
    },
    "likes": {
      "title": "Send your post link",
      "key": "likes",
      "id": 4953,
      "price": 0.5,
      "quantity": {
        "min": 100,
        "max": 50000
      }
    },
    "members": {
      "title": "Send your group link",
      "key": "memebrs",
      "id": 770,
      "price": 3,
      "quantity": {
        "min": 100,
        "max": 500000
      }
    },
    "views": {
      "title": "Send your video link",
      "key": "views",
      "id": 4104,
      "price": 1,
      "quantity": {
        "min": 1000,
        "max": 10000000
      }
    }
  },
  "tiktok": {
    "format": "https://www.tiktok.com/",
    "targeted": {
      "title": "Send your profile link",
      "key": "followers",
      "brazil": {
        "id": 4274,
        "price": 5,
        "quantity": {
          "min": 50,
          "max": 500000
        }
      },
      "usa": {
        "id": 4275,
        "price": 5,
        "quantity": {
          "min": 10,
          "max": 100000
        }
      },
      "russia": {
        "id": 3465,
        "price": 5,
        "quantity": {
          "min": 5,
          "max": 100000
        }
      }
    },
    "followers": {
      "title": "Send your profile link",
      "key": "followers",
      "id": 7427,
      "price": 3,
      "quantity": {
        "min": 10,
        "max": 500000
      }
    },
    "likes": {
      "title": "Send your video link",
      "key": "likes",
      "id": 7316,
      "price": 1,
      "quantity": {
        "min": 100,
        "max": 10000
      }
    },
    "saves": {
      "title": "Send your video link",
      "key": "saves",
      "id": 3501,
      "price": 2,
      "quantity": {
        "min": 100,
        "max": 10000
      }
    },
    "comments": {
      "title": "Send your video link",
      "key": "comments",
      "id": 3509,
      "price": 5,
      "quantity": {
        "min": 1000,
        "max": 1000
      }
    },
    "shares": {
      "title": "Send your video link",
      "key": "comments",
      "id": 5600,
      "price": 1.5,
      "quantity": {
        "min": 50,
        "max": 100000000
      }
    }
  },
  "instagram": {
    "format": "https://www.instagram.com/",
    "followers": {
      "title": "Send your profile link",
      "key": "followers",
      "id": 5159,
      "price": 1,
      "quantity": {
        "min": 10,
        "max": 500000
      }
    },
    "likes": {
      "title": "Send your post link",
      "key": "likes",
      "id": 4396,
      "price": 0.05,
      "quantity": {
        "min": 10,
        "max": 100000
      }
    },
    "views": {
      "title": "Send your post link",
      "key": "views",
      "id": 4770,
      "price": 0.1,
      "quantity": {
        "min": 100,
        "max": 50000000
      }
    },
    "comments": {
      "title": "Send your post link",
      "key": "comments",
      "id": 6880,
      "price": 0.75,
      "quantity": {
        "min": 10,
        "max": 20000
      }
    }
  },
  "twitter": {
    "format": "https://twitter.com/",
    "followers": {
      "title": "Send your profile link",
      "key": "followers",
      "id": 7410,
      "price": 1,
      "quantity": {
        "min": 100,
        "max": 100000
      }
    },
    "likes": {
      "title": "Send your post link",
      "key": "likes",
      "id": 6663,
      "price": 1,
      "quantity": {
        "min": 10,
        "max": 40000
      }
    },
    "retweets": {
      "title": "Send your post link",
      "key": "retweets",
      "id": 6654,
      "price": 1,
      "quantity": {
        "min": 25,
        "max": 10000
      }
    },
    "comments": {
      "title": "Send your post link",
      "key": "comments",
      "id": 6657,
      "price": 30,
      "quantity": {
        "min": 5,
        "max": 500
      }
    },
    "pollvotes": {
      "title": "Send your post link",
      "key": "pollvotes",
      "id": 84,
      "price": 5,
      "quantity": {
        "min": 100,
        "max": 500001
      }
    }
  }
}